INSERT INTO public.address (id, address_type, city, country, postal_code, state, street) VALUES (1, 'STUDENT', 'Prishtina', 'Kosovo', '10000', null, 'Str. Pjeter Bogdani');
INSERT INTO public.address (id, address_type, city, country, postal_code, state, street) VALUES (2, 'STUDENT', 'Prishtina', 'Kosovo', '10000', null, 'Str. Mark Isaku');
INSERT INTO public.address (id, address_type, city, country, postal_code, state, street) VALUES (3, 'STUDENT', 'Prishtina', 'Kosovo', '10000', null, 'Str. Luan Haradinaj');
INSERT INTO public.address (id, address_type, city, country, postal_code, state, street) VALUES (4, 'STUDENT', 'Prishtina', 'Kosovo', '10000', null, 'Str. Pjeter Bogdani');
INSERT INTO public.address (id, address_type, city, country, postal_code, state, street) VALUES (5, 'STUDENT', 'Prishtina', 'Kosovo', '10000', null, 'Str. Pablo Neruda');
INSERT INTO public.address (id, address_type, city, country, postal_code, state, street) VALUES (6, 'STUDENT', 'Prishtina', 'Kosovo', '10000', null, 'Str. Garibaldi');
INSERT INTO public.address (id, address_type, city, country, postal_code, state, street) VALUES (7, 'PARENT', 'Prishtina', 'Kosovo', '10000', null, 'Str. Pjeter Bogdani');
INSERT INTO public.address (id, address_type, city, country, postal_code, state, street) VALUES (8, 'PARENT', 'Prishtina', 'Kosovo', '10000', null, 'Str. Mark Isaku');
INSERT INTO public.address (id, address_type, city, country, postal_code, state, street) VALUES (9, 'PARENT', 'Prishtina', 'Kosovo', '10000', null, 'Str. Luan Haradinaj');
INSERT INTO public.address (id, address_type, city, country, postal_code, state, street) VALUES (10, 'PARENT', 'Prishtina', 'Kosovo', '10000', null, 'Str. Garibaldi');
INSERT INTO public.address (id, address_type, city, country, postal_code, state, street) VALUES (11, 'TEACHER', 'Prishtina', 'Kosovo', '10000', null, 'Str. Garibaldi');
INSERT INTO public.address (id, address_type, city, country, postal_code, state, street) VALUES (12, 'TEACHER', 'Prishtina', 'Kosovo', '10000', null, 'Str. Pjeter Bogdani');
INSERT INTO public.address (id, address_type, city, country, postal_code, state, street) VALUES (13, 'TEACHER', 'Prishtina', 'Kosovo', '10000', null, 'Str. Mark Isaku');
INSERT INTO public.address (id, address_type, city, country, postal_code, state, street) VALUES (14, 'TEACHER', 'Prishtina', 'Kosovo', '10000', null, 'Str. Luan Haradinaj');
INSERT INTO public.address (id, address_type, city, country, postal_code, state, street) VALUES (15, 'TEACHER', 'Prishtina', 'Kosovo', '10000', null, 'Str. Garibaldi');
INSERT INTO public.address (id, address_type, city, country, postal_code, state, street) VALUES (16, 'STUDENT', 'Prishtina', 'Kosovo', '10000', null, 'Str. Pjeter Bogdani');
INSERT INTO public.address (id, address_type, city, country, postal_code, state, street) VALUES (17, 'STUDENT', 'Prishtina', 'Kosovo', '10000', null, 'Str. Mark Isaku');
INSERT INTO public.address (id, address_type, city, country, postal_code, state, street) VALUES (18, 'STUDENT', 'Prishtina', 'Kosovo', '10000', null, 'Str. Luan Haradinaj');
INSERT INTO public.address (id, address_type, city, country, postal_code, state, street) VALUES (19, 'STUDENT', 'Prishtina', 'Kosovo', '10000', null, 'Str. Pjeter Bogdani');
INSERT INTO public.address (id, address_type, city, country, postal_code, state, street) VALUES (20, 'STUDENT', 'Prishtina', 'Kosovo', '10000', null, 'Str. Pablo Neruda');
INSERT INTO public.address (id, address_type, city, country, postal_code, state, street) VALUES (21, 'STUDENT', 'Prishtina', 'Kosovo', '10000', null, 'Str. Garibaldi');
INSERT INTO public.address (id, address_type, city, country, postal_code, state, street) VALUES (22, 'PARENT', 'Prishtina', 'Kosovo', '10000', null, 'Str. Pjeter Bogdani');
INSERT INTO public.address (id, address_type, city, country, postal_code, state, street) VALUES (23, 'PARENT', 'Prishtina', 'Kosovo', '10000', null, 'Str. Mark Isaku');
INSERT INTO public.address (id, address_type, city, country, postal_code, state, street) VALUES (24, 'PARENT', 'Prishtina', 'Kosovo', '10000', null, 'Str. Luan Haradinaj');
INSERT INTO public.address (id, address_type, city, country, postal_code, state, street) VALUES (25, 'PARENT', 'Prishtina', 'Kosovo', '10000', null, 'Str. Garibaldi');


INSERT INTO public.parent (id, birthday, email, first_name, last_name, password, phone_number, profession, status, username, address_id) VALUES (1, '1993-07-28', 'liridon@email.com', 'Liridon', 'Morina', '123123123', '+38345111222', 'Software Engineer', 'ACTIVE', 'liridonmorina', 7);
INSERT INTO public.parent (id, birthday, email, first_name, last_name, password, phone_number, profession, status, username, address_id) VALUES (2, '1987-07-28', 'loresa@email.com', 'Loresa', 'Nuredini', '123123123', '+38345111222', 'Psychologist', 'ACTIVE', 'loresanuredini', 22);
INSERT INTO public.parent (id, birthday, email, first_name, last_name, password, phone_number, profession, status, username, address_id) VALUES (3, '1970-01-01', 'fidan@email', 'Fidan', 'Bytyqi', '123123123', '123123123', 'Network Engineer', 'ACTIVE', 'fidanbytyqi', 8);
INSERT INTO public.parent (id, birthday, email, first_name, last_name, password, phone_number, profession, status, username, address_id) VALUES (4, '1987-07-28', 'gent@email.com', 'Gent', 'Gashi', '123123123', '+38345111222', 'Architect', 'ACTIVE', 'gentgashi', 9);
INSERT INTO public.parent (id, birthday, email, first_name, last_name, password, phone_number, profession, status, username, address_id) VALUES (5, '1970-01-01', 'nora@email', 'Nora', 'Loyd', '123123123', '123123123', 'Project Manager', 'ACTIVE', 'noraloyd', 10);


INSERT INTO public.student (id, birthday, email, first_name, last_name, password, phone_number, status, username, address_id, parent_id) VALUES (6, '1998-01-27', 'kaya@email.com', 'Kaya', 'Bytyqi', '123123123', '0451141241', 'ACTIVE', 'kaya', 18, 3);
INSERT INTO public.student (id, birthday, email, first_name, last_name, password, phone_number, status, username, address_id, parent_id) VALUES (7, '1998-01-27', 'sara@email.com', 'Sara', 'Loyd', '123123123', '0451141241', 'ACTIVE', 'sara', 5, 4);
INSERT INTO public.student (id, birthday, email, first_name, last_name, password, phone_number, status, username, address_id, parent_id) VALUES (8, '1998-01-27', 'jenie@email.com', 'Jennie', 'Loyd', '123123123', '0451141241', 'ACTIVE', 'jennie', 20, 4);
INSERT INTO public.student (id, birthday, email, first_name, last_name, password, phone_number, status, username, address_id, parent_id) VALUES (1, '1998-01-27', 'malt@email.com', 'Malt', 'Morina', '123123123', '0451141241', 'ACTIVE', 'malt', 1, 1);
INSERT INTO public.student (id, birthday, email, first_name, last_name, password, phone_number, status, username, address_id, parent_id) VALUES (2, '1998-01-27', 'troi@email.com', 'Troi', 'Morina', '123123123', '0451141241', 'ACTIVE', 'troi', 4, 1);
INSERT INTO public.student (id, birthday, email, first_name, last_name, password, phone_number, status, username, address_id, parent_id) VALUES (3, '1998-01-27', 'lis@email.com', 'Lis', 'Nuredini', '123123123', '0451141241', 'ACTIVE', 'lis', 2, 2);
INSERT INTO public.student (id, birthday, email, first_name, last_name, password, phone_number, status, username, address_id, parent_id) VALUES (4, '1998-01-27', 'kaan@email.com', 'Kaan', 'Nuredini', '123123123', '0451141241', 'ACTIVE', 'kaan', 17, 2);
INSERT INTO public.student (id, birthday, email, first_name, last_name, password, phone_number, status, username, address_id, parent_id) VALUES (5, '1998-01-27', 'steve@email.com', 'Steve', 'Bytyqi', '123123123', '0451141241', 'ACTIVE', 'steve', 3, 3);

INSERT INTO public.teacher (id, birthday, education_level, email, first_name, last_name, password, phone_number, status, username, address_id) VALUES (1, '1972-01-06', 'MASTER', 'john@email', 'John', 'Gotti', '123123123', '123123123', 'ACTIVE', 'john', 11);
INSERT INTO public.teacher (id, birthday, education_level, email, first_name, last_name, password, phone_number, status, username, address_id) VALUES (2, '1972-01-06', 'BACHELOR', 'frank@email', 'Frank', 'Lampi', '123123123', '123123123', 'ACTIVE', 'frank', 12);
INSERT INTO public.teacher (id, birthday, education_level, email, first_name, last_name, password, phone_number, status, username, address_id) VALUES (3, '1972-01-06', 'BACHELOR', 'anna@email', 'Anna', 'Lampi', '123123123', '123123123', 'ACTIVE', 'anna', 13);
INSERT INTO public.teacher (id, birthday, education_level, email, first_name, last_name, password, phone_number, status, username, address_id) VALUES (4, '1972-01-06', 'MASTER', 'khloe@email', 'Khloe', 'Edge', '123123123', '123123123', 'ACTIVE', 'khloe', 14);
INSERT INTO public.teacher (id, birthday, education_level, email, first_name, last_name, password, phone_number, status, username, address_id) VALUES (5, '1972-01-06', 'DOCTORAL', 'jesse@email', 'Jesse', 'Knight', '123123123', '123123123', 'ACTIVE', 'jesse', 15);

INSERT INTO public.course (id, description, name) VALUES (1, 'It is a long established fact that a reader will be distracted by the readable content of a page when looking at its layout.', 'English');
INSERT INTO public.course (id, description, name) VALUES (2, 'It is a long established fact that a reader will be distracted by the readable content of a page when looking at its layout.', 'Math');
INSERT INTO public.course (id, description, name) VALUES (3, 'It is a long established fact that a reader will be distracted by the readable content of a page when looking at its layout.', 'French');
INSERT INTO public.course (id, description, name) VALUES (4, 'It is a long established fact that a reader will be distracted by the readable content of a page when looking at its layout.', 'Physics');
INSERT INTO public.course (id, description, name) VALUES (5, 'It is a long established fact that a reader will be distracted by the readable content of a page when looking at its layout.', 'Music');
INSERT INTO public.course (id, description, name) VALUES (6, 'It is a long established fact that a reader will be distracted by the readable content of a page when looking at its layout.', 'History');
INSERT INTO public.course (id, description, name) VALUES (7, 'It is a long established fact that a reader will be distracted by the readable content of a page when looking at its layout.', 'Geography');
INSERT INTO public.course (id, description, name) VALUES (8, 'It is a long established fact that a reader will be distracted by the readable content of a page when looking at its layout.', 'Biology');

INSERT INTO public.class (id, name, year, course_id, teacher_id) VALUES (1, 'English Class', 1, 1, 1);
INSERT INTO public.class (id, name, year, course_id, teacher_id) VALUES (2, 'French Class', 2, 3, 1);
INSERT INTO public.class (id, name, year, course_id, teacher_id) VALUES (3, 'Math Class', 1, 2, 2);
INSERT INTO public.class (id, name, year, course_id, teacher_id) VALUES (4, 'Advanced Math Class', 2, 2, 5);
INSERT INTO public.class (id, name, year, course_id, teacher_id) VALUES (5, 'Physic Class', 1, 4, 2);
INSERT INTO public.class (id, name, year, course_id, teacher_id) VALUES (6, 'History class', 1, 6, 3);
INSERT INTO public.class (id, name, year, course_id, teacher_id) VALUES (7, 'Advanced Physics Class', 2, 4, 5);
INSERT INTO public.class (id, name, year, course_id, teacher_id) VALUES (8, 'Geography Class', 2, 7, 3);
INSERT INTO public.class (id, name, year, course_id, teacher_id) VALUES (9, 'Biology Class', 2, 8, 4);

INSERT INTO public.attendance (id, date_time, is_present, remark, class_id, student_id) VALUES (1, '2020-12-05 08:00:00.000000', true, 'He is sleeping', 1, 1);
INSERT INTO public.attendance (id, date_time, is_present, remark, class_id, student_id) VALUES (2, '2020-12-05 08:50:00.000000', true, null, 3, 1);
INSERT INTO public.attendance (id, date_time, is_present, remark, class_id, student_id) VALUES (3, '2020-12-05 10:00:00.000000', false, 'It''s not present in the class', 5, 1);
INSERT INTO public.attendance (id, date_time, is_present, remark, class_id, student_id) VALUES (4, '2020-12-05 10:50:00.000000', true, 'Is not quiet during the class', 6, 1);
INSERT INTO public.attendance (id, date_time, is_present, remark, class_id, student_id) VALUES (5, '2020-12-05 11:00:00.000000', true, null, 4, 1);
INSERT INTO public.attendance (id, date_time, is_present, remark, class_id, student_id) VALUES (6, '2020-12-05 12:00:00.000000', true, null, 9, 1);

INSERT INTO public.exam (id, name, course_id) VALUES (1, 'Math Exam 1', 2);
INSERT INTO public.exam (id, name, course_id) VALUES (2, 'Math Exam 2', 2);
INSERT INTO public.exam (id, name, course_id) VALUES (3, 'Math Advanced Exam', 2);
INSERT INTO public.exam (id, name, course_id) VALUES (4, 'English 1', 1);
INSERT INTO public.exam (id, name, course_id) VALUES (5, 'English 2', 1);
INSERT INTO public.exam (id, name, course_id) VALUES (6, 'French', 3);
INSERT INTO public.exam (id, name, course_id) VALUES (7, 'Physics 1', 4);
INSERT INTO public.exam (id, name, course_id) VALUES (8, 'Physics 2', 4);
INSERT INTO public.exam (id, name, course_id) VALUES (9, 'Biology', 8);
INSERT INTO public.exam (id, name, course_id) VALUES (10, 'History', 6);

INSERT INTO public.exam_result (id, date, grade, status, exam_id, student_id) VALUES (1, '2020-12-05 16:00:00.000000', '1', 'ACCEPT', 1, 1);
INSERT INTO public.exam_result (id, date, grade, status, exam_id, student_id) VALUES (2, '2020-12-05 16:00:00.000000', '2', 'ACCEPT', 1, 2);
INSERT INTO public.exam_result (id, date, grade, status, exam_id, student_id) VALUES (3, '2020-12-05 16:00:00.000000', '5', 'REFUSE', 1, 3);
INSERT INTO public.exam_result (id, date, grade, status, exam_id, student_id) VALUES (4, '2020-12-05 16:00:00.000000', '4', 'REFUSE', 1, 4);
INSERT INTO public.exam_result (id, date, grade, status, exam_id, student_id) VALUES (5, '2020-12-05 16:00:00.000000', '3', 'ACCEPT', 1, 5);
INSERT INTO public.exam_result (id, date, grade, status, exam_id, student_id) VALUES (6, '2020-12-05 16:00:00.000000', '5', 'ACCEPT', 1, 6);
INSERT INTO public.exam_result (id, date, grade, status, exam_id, student_id) VALUES (7, '2020-12-05 16:00:00.000000', '5', 'ACCEPT', 1, 7);
INSERT INTO public.exam_result (id, date, grade, status, exam_id, student_id) VALUES (8, '2020-12-05 16:00:00.000000', '5', 'ACCEPT', 1, 8);
INSERT INTO public.exam_result (id, date, grade, status, exam_id, student_id) VALUES (9, '2020-12-05 16:00:00.000000', '1', 'ACCEPT', 2, 1);
INSERT INTO public.exam_result (id, date, grade, status, exam_id, student_id) VALUES (10, '2020-12-05 16:00:00.000000', '2', 'ACCEPT', 2, 2);
INSERT INTO public.exam_result (id, date, grade, status, exam_id, student_id) VALUES (11, '2020-12-05 16:00:00.000000', '5', 'REFUSE', 2, 3);
INSERT INTO public.exam_result (id, date, grade, status, exam_id, student_id) VALUES (12, '2020-12-05 16:00:00.000000', '4', 'REFUSE', 2, 4);
INSERT INTO public.exam_result (id, date, grade, status, exam_id, student_id) VALUES (13, '2020-12-05 16:00:00.000000', '3', 'ACCEPT', 2, 5);
INSERT INTO public.exam_result (id, date, grade, status, exam_id, student_id) VALUES (14, '2020-12-05 16:00:00.000000', '5', 'ACCEPT', 3, 6);
INSERT INTO public.exam_result (id, date, grade, status, exam_id, student_id) VALUES (15, '2020-12-05 16:00:00.000000', '5', 'ACCEPT', 3, 7);
INSERT INTO public.exam_result (id, date, grade, status, exam_id, student_id) VALUES (16, '2020-12-05 16:00:00.000000', '5', 'ACCEPT', 3, 8);
INSERT INTO public.exam_result (id, date, grade, status, exam_id, student_id) VALUES (17, '2020-12-05 16:00:00.000000', '1', 'ACCEPT', 4, 1);
INSERT INTO public.exam_result (id, date, grade, status, exam_id, student_id) VALUES (18, '2020-12-05 16:00:00.000000', '2', 'ACCEPT', 4, 2);
INSERT INTO public.exam_result (id, date, grade, status, exam_id, student_id) VALUES (19, '2020-12-05 16:00:00.000000', '5', 'REFUSE', 4, 3);
INSERT INTO public.exam_result (id, date, grade, status, exam_id, student_id) VALUES (20, '2020-12-05 16:00:00.000000', '4', 'REFUSE', 5, 4);
INSERT INTO public.exam_result (id, date, grade, status, exam_id, student_id) VALUES (21, '2020-12-05 16:00:00.000000', '3', 'ACCEPT', 5, 5);
INSERT INTO public.exam_result (id, date, grade, status, exam_id, student_id) VALUES (22, '2020-12-05 16:00:00.000000', '5', 'ACCEPT', 5, 6);
INSERT INTO public.exam_result (id, date, grade, status, exam_id, student_id) VALUES (23, '2020-12-05 16:00:00.000000', '5', 'ACCEPT', 4, 7);
INSERT INTO public.exam_result (id, date, grade, status, exam_id, student_id) VALUES (24, '2020-12-05 16:00:00.000000', '5', 'ACCEPT', 4, 8);
INSERT INTO public.exam_result (id, date, grade, status, exam_id, student_id) VALUES (25, '2020-12-05 16:00:00.000000', '1', 'ACCEPT', 7, 1);
INSERT INTO public.exam_result (id, date, grade, status, exam_id, student_id) VALUES (26, '2020-12-05 16:00:00.000000', '2', 'ACCEPT', 7, 2);
INSERT INTO public.exam_result (id, date, grade, status, exam_id, student_id) VALUES (27, '2020-12-05 16:00:00.000000', '5', 'REFUSE', 8, 3);
INSERT INTO public.exam_result (id, date, grade, status, exam_id, student_id) VALUES (28, '2020-12-05 16:00:00.000000', '4', 'REFUSE', 7, 4);
INSERT INTO public.exam_result (id, date, grade, status, exam_id, student_id) VALUES (29, '2020-12-05 16:00:00.000000', '3', 'ACCEPT', 9, 5);
INSERT INTO public.exam_result (id, date, grade, status, exam_id, student_id) VALUES (30, '2020-12-05 16:00:00.000000', '5', 'ACCEPT', 9, 6);
INSERT INTO public.exam_result (id, date, grade, status, exam_id, student_id) VALUES (31, '2020-12-05 16:00:00.000000', '5', 'ACCEPT', 10, 7);
INSERT INTO public.exam_result (id, date, grade, status, exam_id, student_id) VALUES (32, '2020-12-05 16:00:00.000000', '5', 'ACCEPT', 10, 8);
